[{"_id":{"$oid":"5a7d6726f3de693e409a7b5b"},"lat":20.593684,"country":"India","tweet":"Waiting see if the budget this year has anything for traders and businessmen \n#BudgetWithMoneycontrol… https://t.co/SgqThpAfsT","lng":78.96288}
,{"_id":{"$oid":"5a7d6726f3de693e409a7b5c"},"lat":39.768403,"country":"United States","tweet":"Imagine that, another crooked #DemocRat I hope the authorities look into this closely. OUR Government NEEDS… https://t.co/p3XcGMPhb3","lng":-86.158068}
,{"_id":{"$oid":"5a7d6726f3de693e409a7b5d"},"lat":20.593684,"country":"India","tweet":"Watch Union Budget 2018 screening simulcast on @indiatvnews @abpanandatv @abpnewstv. Participate in the… https://t.co/PwsftEV0Mq","lng":78.96288}
,{"_id":{"$oid":"5a7d6726f3de693e409a7b5e"},"lat":31.5143178,"country":"India","tweet":"RT @FinMinIndia: Countdown to the much awaited #IndiaBudget2018 begins! With less than 24 hours to go. Budget 2018 will be presented in Par…","lng":75.911483}
,{"_id":{"$oid":"5a7d6726f3de693e409a7b5f"},"lat":22.258652,"country":"India","tweet":"Must say with GST coming into force so many things in my life have changed\n#BudgetWithMoneycontrol @moneycontrolcom https://t.co/XQohF8kKs9","lng":71.1923805}
,{"_id":{"$oid":"5a7d6726f3de693e409a7b60"},"lat":55.614719,"country":"United Kingdom","tweet":"RT @DerekMackaySNP: BREAKING – a budget deal has been agreed with @ScotGP delivering extra support for Local Government, public sector pay…","lng":-4.498792}
,{"_id":{"$oid":"5a7d6726f3de693e409a7b61"},"lat":43.1595692,"country":"United States","tweet":"Budget Rent A Car - the best deals available - up to 35% savings with the BUDGET CORPORATE DISCOUNT CODE (BCD)  B00… https://t.co/8lU04vE0q1","lng":-77.5838744}
,{"_id":{"$oid":"5a7d6726f3de693e409a7b62"},"lat":-37.8136276,"country":"Australia","tweet":"RT @Shorten_Suite: No mention in here of PM🎩’s income tax hikes for 7 million Australians that are already in the budget #auspol \n\nhttps://…","lng":144.9630576}
,{"_id":{"$oid":"5a7d6726f3de693e409a7b63"},"lat":19.0759837,"country":"India","tweet":"#BQMarketWrap | Sensex, Nifty fell for second day in a row as investors weighed down their positions ahead of the U… https://t.co/WlplKd2ZJf","lng":72.8776559}
,{"_id":{"$oid":"5a7d6726f3de693e409a7b64"},"lat":26.2006043,"country":"India","tweet":"RT @DrMafuzur: @himantabiswa @BjpBiplab @BJP4Tripura @AmitShah @rammadhavbjp Going By Past Electoral Strategies \u0026amp; Success Of You \u0026amp; @rammadh…","lng":92.9375739}
,{"_id":{"$oid":"5a7d6726f3de693e409a7b65"},"lat":42.4072107,"country":"United States","tweet":"RT @gishgirl67: @b @qanon @imperator_rex @kill_roque \n Democratic Rep. Luis Gutierrez Retiring Democrat Representative CAUGHT Laundering $4…","lng":-71.3824374}
,{"_id":{"$oid":"5a7d6726f3de693e409a7b66"},"lat":19.7514798,"country":"India","tweet":"Hey everyone the gold Traders hope that Cash purchase limit is increased in this budget #BudgetWithMoneycontrol… https://t.co/NhAvP1oGdo","lng":75.7138884}
,{"_id":{"$oid":"5a7d6726f3de693e409a7b67"},"lat":55.864237,"country":"United Kingdom","tweet":"RT @dhothersall: I can't believe it. No-one could have foreseen. Quite extraordinary. What an achievement. https://t.co/eAmSvaE2Yh","lng":-4.251806}
,{"_id":{"$oid":"5a7d6726f3de693e409a7b68"},"lat":36.4006943,"country":"United States","tweet":"RT @NigelDPresents: 2.16 Black Panther \n3.1   Atlanta season 2\n3.9   A Wrinkle in Time (First movie with over a $100 million budget directe…","lng":-86.45903489999999}
,{"_id":{"$oid":"5a7d6726f3de693e409a7b69"},"lat":25.2048493,"country":"United Arab Emirates","tweet":"India’s Sensex falls 124 points ahead of budget, weak global cues https://t.co/lU3WXHVIbA","lng":55.2707828}
,{"_id":{"$oid":"5a7d6726f3de693e409a7b6a"},"lat":56.4006214,"country":"United Kingdom","tweet":"RT @DerekMackaySNP: BREAKING – a budget deal has been agreed with @ScotGP delivering extra support for Local Government, public sector pay…","lng":-5.480748}
,{"_id":{"$oid":"5a7d6726f3de693e409a7b6b"},"lat":20.593684,"country":"India","tweet":"#EconomicSurvey: Revamp judicial system to ensure ease of doing business\n\nhttps://t.co/7zviGuWsQ1","lng":78.96288}
,{"_id":{"$oid":"5a7d6726f3de693e409a7b6c"},"lat":37.81724,"country":"United States","tweet":"Trump's bipartisan #SOTU words on infrastructure and foreign policy were met rapidly with reality: Republicans and… https://t.co/SpUDYVlsgV","lng":-96.8622524}
,{"_id":{"$oid":"5a7d6726f3de693e409a7b6d"},"lat":35.7595731,"country":"United States","tweet":"RT @gishgirl67: @b @qanon @imperator_rex @kill_roque \n Democratic Rep. Luis Gutierrez Retiring Democrat Representative CAUGHT Laundering $4…","lng":-79.01929969999999}
,{"_id":{"$oid":"5a7d6726f3de693e409a7b6e"},"lat":55.953252,"country":"United Kingdom","tweet":"RT @DerekMackaySNP: BREAKING – a budget deal has been agreed with @ScotGP delivering extra support for Local Government, public sector pay…","lng":-3.188267}
,{"_id":{"$oid":"5a7d6726f3de693e409a7b6f"},"lat":19.0759837,"country":"India","tweet":"RT @DrManishMirani1: @wisehussein @PMOIndia @narendramodi @arunjaitley @FinMinIndia @dnatweets @TOIMumbai @htTweets Looking forward for a b…","lng":72.8776559}
,{"_id":{"$oid":"5a7d6726f3de693e409a7b70"},"lat":38.9071923,"country":"United States","tweet":"RT @NancyPelosi: Build new vocational schools? With what? Your FY18 budget *cuts* these programs and career technician education, @realdona…","lng":-77.0368707}
,{"_id":{"$oid":"5a7d6726f3de693e409a7b71"},"lat":28.6504091,"country":"India","tweet":"BUDGET 2018:FARMER'S EXPECTATIONS FROM BUDGET: https://t.co/fHWFrEQxT7 via @YouTube","lng":77.14442679999999}
,{"_id":{"$oid":"5a7d6726f3de693e409a7b72"},"lat":27.6648274,"country":"United States","tweet":"Will FM Announce Capital Gains Tax On Bitcoins Trading In Budget Speech? https://t.co/vwr8XNIlGs","lng":-81.5157535}
,{"_id":{"$oid":"5a7d6726f3de693e409a7b73"},"lat":28.6139391,"country":"India","tweet":"RT @FinMinIndia: #IndiaBudget2018 Watch the First Post-Budget Interview of the Union Finance Minister,Shri @arunjaitley on DD News: https:/…","lng":77.2090212}
,{"_id":{"$oid":"5a7d6726f3de693e409a7b74"},"lat":19.0759837,"country":"India","tweet":"#Budget2018: #India Inc wants #GST reforms, friendly-business policies\nhttps://t.co/S2TFmN4tBh","lng":72.8776559}
,{"_id":{"$oid":"5a7d6726f3de693e409a7b75"},"lat":39.5500507,"country":"United States","tweet":"RT @GstStation: Budget 2018: CII seeks easier GST compliance procedures, tweaking tax network.......https://t.co/ht0XjAkqj3 Source- Firstpo…","lng":-105.7820674}
,{"_id":{"$oid":"5a7d6726f3de693e409a7b76"},"lat":43.7844397,"country":"United States","tweet":"RT @gishgirl67: @b @qanon @imperator_rex @kill_roque \n Democratic Rep. Luis Gutierrez Retiring Democrat Representative CAUGHT Laundering $4…","lng":-88.7878678}
,{"_id":{"$oid":"5a7d6726f3de693e409a7b77"},"lat":37.733936,"country":"United States","tweet":"@Alyssa_Milano After lifetime of work, many SENIORS live on just $600/mo. GOP budget cuts $492 million from Social… https://t.co/XwB1uaSWF0","lng":-88.34337599999999}
,{"_id":{"$oid":"5a7d6726f3de693e409a7b78"},"lat":40.6781784,"country":"United States","tweet":"@NACHOBRED what’s my budget lol","lng":-73.9441579}
,{"_id":{"$oid":"5a7d6726f3de693e409a7b79"},"lat":57.28687230000001,"country":"United Kingdom","tweet":"Scottish Government and Scottish Greens reach agreement to pass budget https://t.co/vaLUMwFjCx","lng":-2.3815684}
,{"_id":{"$oid":"5a7d6726f3de693e409a7b7a"},"lat":-33.8688197,"country":"Australia","tweet":"RT @BermudaPremier: Dinner with the #blockchain and #cryptocurrency team after the last 2018 #Bermuda Pre Budget information session. Great…","lng":151.2092955}
,{"_id":{"$oid":"5a7d6726f3de693e409a7b7b"},"lat":9.081999,"country":"Nigeria","tweet":"Lagos State: House of Assembly passes N1.046tn budget for 2018: ... The post Lagos State… https://t.co/NOEykWyafr","lng":8.675277}
,{"_id":{"$oid":"5a7d6726f3de693e409a7b7c"},"lat":55.378051,"country":"United Kingdom","tweet":"View Event Details \u0026amp; Get FREE Tickets: https://t.co/7BdyTcCjEK. https://t.co/sVUnNLYSt5 #investing #financial… https://t.co/VdLzo2PxQV","lng":-3.435973}
,{"_id":{"$oid":"5a7d6726f3de693e409a7b7d"},"lat":28.6139391,"country":"India","tweet":"CNNnews18: Fastest LIVE Budget data crunching, and detailed analysis by tax gurus, only on CNN-News18 with… https://t.co/fTWPh8rPln","lng":77.2090212}
,{"_id":{"$oid":"5a7d6726f3de693e409a7b7e"},"lat":35.7475692,"country":"United States","tweet":"RT @NancyPelosi: Build new vocational schools? With what? Your FY18 budget *cuts* these programs and career technician education, @realdona…","lng":-95.370026}
,{"_id":{"$oid":"5a7d6726f3de693e409a7b7f"},"lat":39.0457549,"country":"United States","tweet":"RT @davidjtrone: In the midst of a national opioid epidemic, Trump is once again calling for the ONDCP's budget to be reduced by 95%. My 12…","lng":-76.64127119999999}
,{"_id":{"$oid":"5a7d6726f3de693e409a7b80"},"lat":6.5243793,"country":"Nigeria","tweet":"RT @UKinNigeria: Watch and learn about the Nigerian 2018 budget. https://t.co/nQw13Xm2FM","lng":3.3792057}
,{"_id":{"$oid":"5a7d6726f3de693e409a7b81"},"lat":19.0759837,"country":"India","tweet":"RT @saikatdasET: How the Rupee behaves in the #Pre-Budget since 2010 #Budget2018 @ETMarkets https://t.co/GXUqgn01Qe","lng":72.8776559}
,{"_id":{"$oid":"5a7d6726f3de693e409a7b82"},"lat":38.8963852,"country":"United States","tweet":"RT @lex_looper: $2,300,000,000,000 went missing from the U.S military budget the day before 9/11. https://t.co/DhU6ELl4jB","lng":-104.8431362}
,{"_id":{"$oid":"5a7d6726f3de693e409a7b83"},"lat":52.3555177,"country":"United Kingdom","tweet":"RT @polbikers: @PamPamwtrow Ir a pretty picture for @DavidDavisMP \u0026amp; @Number10gov to understand with reference to the NHS budget https://t.c…","lng":-1.1743197}
,{"_id":{"$oid":"5a7d6726f3de693e409a7b84"},"lat":57.149717,"country":"United Kingdom","tweet":"Scottish Government and Scottish Greens reach agreement to pass budget https://t.co/w0yssayPYH","lng":-2.094278}
,{"_id":{"$oid":"5a7d6726f3de693e409a7b85"},"lat":35.6718291,"country":"United States","tweet":"RT @lex_looper: $2,300,000,000,000 went missing from the U.S military budget the day before 9/11. https://t.co/DhU6ELl4jB","lng":-97.42548149999999}
,{"_id":{"$oid":"5a7d6726f3de693e409a7b86"},"lat":33.7589188,"country":"United States","tweet":"#MG ZS Crossover Brings Good Value To Budget-Focused Buyers https://t.co/0fE6AzjrJx https://t.co/hawm2t5kym","lng":-84.3640829}
,{"_id":{"$oid":"5a7d6726f3de693e409a7b87"},"lat":40.7127753,"country":"United States","tweet":"#Brazil Nominal Budget Balance at BRL-65.641B  https://t.co/avOabLb61E https://t.co/EzUNRjS58a","lng":-74.0059728}
,{"_id":{"$oid":"5a7d6726f3de693e409a7b88"},"lat":56.49067119999999,"country":"United Kingdom","tweet":"BREAKING: \n\n@DerekMackaySNP secures deal with @scotgp.\n\n👇🏼 Read more here https://t.co/ssgwbsHnt8","lng":-4.2026458}
,{"_id":{"$oid":"5a7d6726f3de693e409a7b89"},"lat":37.09024,"country":"United States","tweet":"Budget AR15 Precision Build – Parts \u0026amp; Cost Breakdown https://t.co/16gW0N3Lkm https://t.co/OYvu3CEmo5","lng":-95.712891}
,{"_id":{"$oid":"5a7d6726f3de693e409a7b8a"},"lat":35.2481387,"country":"United States","tweet":"Budget AR15 Precision Build – Parts \u0026amp; Cost Breakdown https://t.co/7he2QWJpBY https://t.co/439iIQSnjm","lng":-101.8294842}
,{"_id":{"$oid":"5a7d6726f3de693e409a7b8b"},"lat":20.593684,"country":"India","tweet":"RT @IndianEcon: No spending spree due in last Indian budget before elections: Poll https://t.co/Dw0N4qw3my","lng":78.96288}
,{"_id":{"$oid":"5a7d6726f3de693e409a7b8c"},"lat":-26.2041028,"country":"South Africa","tweet":"RT @lex_looper: $2,300,000,000,000 went missing from the U.S military budget the day before 9/11. https://t.co/DhU6ELl4jB","lng":28.0473051}
,{"_id":{"$oid":"5a7d6726f3de693e409a7b8d"},"lat":37.09024,"country":"United States","tweet":"Trump Calls for End to ‘Dangerous’ Budget Caps on Defense Spending https://t.co/swtqbwtPTM","lng":-95.712891}
,{"_id":{"$oid":"5a7d6726f3de693e409a7b8e"},"lat":24.3422924,"country":"India","tweet":"RT @_DigitalIndia: As the Fifth Union Budget will be presented on February 1, let’s look at the 5 digitization ideas that can make complian…","lng":81.47595679999999}
,{"_id":{"$oid":"5a7d6726f3de693e409a7b8f"},"lat":20.593684,"country":"India","tweet":"For the Kind attention of the Hon’ble @FinMinIndia on the 2018 Budget Eve\nCHANGE THE PARADIGM OF INDIAN ECONOMIC PO… https://t.co/iRj0L22XJF","lng":78.96288}
,{"_id":{"$oid":"5a7d6726f3de693e409a7b90"},"lat":39.0457549,"country":"United States","tweet":"RT @lex_looper: $2,300,000,000,000 went missing from the U.S military budget the day before 9/11. https://t.co/DhU6ELl4jB","lng":-76.64127119999999}
,{"_id":{"$oid":"5a7d6726f3de693e409a7b91"},"lat":56.49067119999999,"country":"United Kingdom","tweet":"RT @DerekMackaySNP: BREAKING – a budget deal has been agreed with @ScotGP delivering extra support for Local Government, public sector pay…","lng":-4.2026458}
,{"_id":{"$oid":"5a7d6726f3de693e409a7b92"},"lat":57.0774553,"country":"United Kingdom","tweet":"RT @StewartMcDonald: Another National Audit Office report showing the financial chaos and mismanagement in the MoD. A black hole worth bill…","lng":-2.775336}
,{"_id":{"$oid":"5a7d6726f3de693e409a7b93"},"lat":40.7127753,"country":"United States","tweet":"My communications where disrupted and I experienced massive cyber attacks during the #SOTU to prevent us from uniti… https://t.co/SxY302jz5q","lng":-74.0059728}
,{"_id":{"$oid":"5a7d6726f3de693e409a7b94"},"lat":18.5204303,"country":"India","tweet":"#MyBudget Budget may be populist or reformist,reactions will be monotonous.Rulling benches will uploud,\u0026amp; Opposition… https://t.co/j0JLIeDAc1","lng":73.8567437}
,{"_id":{"$oid":"5a7d6726f3de693e409a7b95"},"lat":25.4358011,"country":"India","tweet":"RT @FinMinIndia: #IndiaBudget2018 The Union Finance Minister,Shri @arunjaitley will reply to the questions on General Budget at 7pm tomorow…","lng":81.846311}
,{"_id":{"$oid":"5a7d6726f3de693e409a7b96"},"lat":28.6139391,"country":"India","tweet":"RT @apnnewsindia: Finance Minister #ArunJaitley examines final draft of #Budget2018. The Budget will be presented tomorrow.  #UnionBudget h…","lng":77.2090212}]